acmat	eat	v.			NOM eats	Quedi aracmat	I am eating.
acmat		v.			NOM eats ACC	Quedi aracmat bicket.	I am eating cake.
acmat		v.			NOM feeds ACC to DAT		
attot	give	v.			NOM gives ACC to DAT		
cami	river	n.	C.		river		
emvsti	flow	v.			NOM flows		
icket	cake	n.	L.		cake		
icket		n.	L.		sweet bread		
vbino	sing	v.			NOM sings (ACC) (to DAT)		
vlas	wild	v.			NOM is wild		
vsta	bind	v.			NOM binds (ACC)		
etil	bird	n.	L.		bird		
ormir	lower	v.			NOM lowers ACC		
ormir		v.			ACC.VOL descends [by NOM.C]		
ormir		v.			ACC.NVOL falls [by NOM.C]		
amuak	put	v.			NOM moves ACC		
amuak		v.			ACC.VOL goes [by NOM.C]		
amuak		v.			ACC.NVOL drifts [by NOM.C]		
epaho	valley	n.	C.		valley		
atti	sun	n.	C.		sun		
obe	up	v.			NOM raises ACC
æbuos	shield	n.	D.		NOM shields ACC
epona	he/she/it	p.n.			3rd person singular/dual
opak	light	v.			NOM lights ACC
opak		v.			VOL-ACC spontaneously combusts
ihoto	signal	n.	C.		signal, usually a fire or light
i	until	p.			until
gin	at (place)	p.			at location
guin	at (time)	p.			at location (in time)
vdçet	city	n.	C.		city
qui	do	v.			pro-verb
equi	do			qui	allomorph of qui
ocpak	burn	v.			NOM burns ACC
vtcvk	today	n.	O.		today
itcvk	feel	v.			NOM.O makes ACC.INVOL feel DAT
itcvk	feel	v.			NOM.O makes ACC.VOL feel DAT
vspuak	talk	v.			NOM says ACC to DAT
di	I	p.n.			1SG
edi	I	p.n.		di	allomorph of di
ocuek	hunt	v.			NOM hunts ACC